<?xml version="1.0" encoding="utf-8"?>
<server>
  <groups desc="Groups list">
    <group name="Accountants" index="index2.html" active="yes" fullname="Accountants group with special index page"/>
    <group name="Clients" index="" active="yes" fullname="Clients group"/>
  </groups>
  <users desc="Users list">
    <user name="test" active="yes" fullname="Test account with blank password" email="test@localhost" password="d41d8cd98f00b204e9800998ecf8427e"/>
    <user name="test1" active="yes" fullname="One more test account with blank password" email="" password="d41d8cd98f00b204e9800998ecf8427e"/>
  </users>
  <membership desc="Membership relations">
    <group name="Accountants">
      <user name="test1"/>
    </group>
    <group name="Clients">
      <user name="test"/>
    </group>
  </membership>
</server>
