<?xml version="1.0" encoding="utf-8"?>
<servers configversion="1.0">
  <server desc="FastReport Server configuration">
    <set name="Active" value="yes" default="yes" type="bool" desc=""/>
    <set name="Name" value="FastReport Server" default="" type="string" desc=""/>
    <http desc="HTTP server settings">
      <set name="Port" value="80" default="80" type="number" desc="TCP/IP port for HTTP server"/>
      <set name="SessionTimeOut" value="600" default="600" type="number" desc="Report session timeout in seconds"/>
      <set name="SocketTimeOut" value="600" default="300" type="number" desc="Client connection timeout in seconds"/>
      <set name="NoCacheHeader" value="yes" default="yes" type="bool" desc="Disable of the caching document by the web browser"/>
      <set name="Compression" value="yes" default="yes" type="bool" desc="Allow GZIP compression"/>
      <set name="MIC" value="yes" default="yes" type="bool" desc="Allow MD5 message integrity check"/>
      <set name="RootPath" value=".\htdocs\" default=".\htdocs\" type="folder" desc="Public document folder for documents and results"/>
      <set name="IndexFile" value="index.html" default="index.html" type="string" desc="Index page filename"/>
    </http>
    <reports desc="Reporting engine settings">
      <set name="Path" value=".\reports\" default=".\reports\" type="folder" desc="Path to folder with the reports (*.fr3)"/>
      <set name="Temp" value="" default="" type="string" desc="Path to temporary folder"/>
      <set name="UseFileCache" value="no" default="no" type="bool" desc=""/>
      <set name="MaxMemSize" value="10" default="10" type="number" desc=""/>
    </reports>
    <exports desc="Output formats settings">
      <html desc="HTML format">
        <set name="Active" value="yes" default="yes" type="bool" desc=""/>
        <set name="FixedWidth" value="yes" default="yes" type="bool" desc=""/>
        <set name="Pictures" value="yes" default="yes" type="bool" desc=""/>
        <set name="AllInOneFolder" value="yes" default="yes" type="bool" desc=""/>
        <set name="Styles" value="yes" default="yes" type="bool" desc=""/>
        <set name="Navigator" value="yes" default="yes" type="bool" desc=""/>
        <set name="SinglePage" value="no" default="no" type="bool" desc=""/>
        <set name="Background" value="no" default="no" type="bool" desc=""/>
        <set name="PicsFormat" value="gif" default="jpeg" type="bmp/jpeg/gif" desc=""/>
      </html>
      <pdf desc="Adobe Acrobat PDF format">
        <set name="Active" value="yes" default="yes" type="bool" desc=""/>
        <set name="EmbeddedFonts" value="no" default="no" type="bool" desc=""/>
        <set name="PrintOptimized" value="no" default="no" type="bool" desc=""/>
        <set name="Outline" value="yes" default="yes" type="bool" desc=""/>
        <set name="Background" value="no" default="no" type="bool" desc=""/>
        <set name="HTMLTags" value="yes" default="yes" type="bool" desc=""/>
      </pdf>
      <rtf desc="Rich Text format">
        <set name="Active" value="yes" default="yes" type="bool" desc=""/>
        <set name="PageBreaks" value="yes" default="yes" type="bool" desc=""/>
        <set name="Pictures" value="yes" default="yes" type="bool" desc=""/>
        <set name="Wysiwyg" value="yes" default="yes" type="bool" desc=""/>
      </rtf>
      <xml desc="XML format">
        <set name="Active" value="yes" default="yes" type="bool" desc=""/>
        <set name="Continuous" value="no" default="yes" type="bool" desc=""/>
        <set name="Styles" value="yes" default="yes" type="bool" desc=""/>
        <set name="PageBreaks" value="yes" default="yes" type="bool" desc=""/>
        <set name="Wysiwyg" value="yes" default="yes" type="bool" desc=""/>
        <set name="Background" value="no" default="no" type="bool" desc=""/>
        <set name="EmptyLines" value="yes" default="yes" type="bool" desc=""/>
      </xml>
      <bmp desc="BMP format">
        <set name="Active" value="yes" default="yes" type="bool" desc=""/>
        <set name="Crop" value="no" default="no" type="bool" desc=""/>
        <set name="Monochrome" value="no" default="no" type="bool" desc=""/>
        <set name="Resolution" value="72" default="72" type="number" desc="Resolution in dpi"/>
        <set name="SingleFile" value="no" default="no" type="bool" desc=""/>
      </bmp>
      <jpg desc="Jpeg format">
        <set name="Active" value="yes" default="yes" type="bool" desc=""/>
        <set name="Crop" value="no" default="no" type="bool" desc=""/>
        <set name="Monochrome" value="no" default="no" type="bool" desc=""/>
        <set name="Resolution" value="72" default="72" type="number" desc="Resolution in dpi"/>
        <set name="SingleFile" value="no" default="no" type="bool" desc=""/>
        <set name="Quality" value="90" default="90" type="number" desc="Jpeg quality"/>
      </jpg>
      <gif desc="GIF format">
        <set name="Active" value="yes" default="yes" type="bool" desc=""/>
        <set name="Crop" value="no" default="no" type="bool" desc=""/>
        <set name="Resolution" value="72" default="72" type="number" desc="Resolution in dpi"/>
        <set name="SingleFile" value="no" default="no" type="bool" desc=""/>
      </gif>
      <tiff desc="TIFF format">
        <set name="Active" value="yes" default="yes" type="bool" desc=""/>
        <set name="Crop" value="no" default="no" type="bool" desc=""/>
        <set name="Monochrome" value="no" default="no" type="bool" desc=""/>
        <set name="Resolution" value="72" default="72" type="number" desc="Resolution in dpi"/>
        <set name="SingleFile" value="no" default="no" type="bool" desc=""/>
      </tiff>
      <csv desc="CSV table text format">
        <set name="Active" value="yes" default="yes" type="bool" desc=""/>
        <set name="Separator" value=";" default=";" type="string" desc=""/>
        <set name="OEMCodepage" value="no" default="no" type="bool" desc=""/>
      </csv>
      <txt desc="Plain text format">
        <set name="Active" value="yes" default="yes" type="bool" desc=""/>
        <set name="PageBreaks" value="yes" default="yes" type="bool" desc=""/>
        <set name="Frames" value="no" default="no" type="bool" desc=""/>
        <set name="EmptyLines" value="no" default="no" type="bool" desc=""/>
        <set name="OEMCodepage" value="no" default="no" type="bool" desc=""/>
      </txt>
      <fp3 desc="FastReport native format">
        <set name="Active" value="yes" default="yes" type="bool" desc=""/>
      </fp3>
    </exports>
    <cache desc="Cache settings">
      <set name="Active" value="yes" default="yes" type="bool" desc="Enable caching of the reports with same parameters"/>
      <set name="Path" value=".\cache\" default=".\cache\" type="folder" desc="Path to the chache folder"/>
      <set name="DefaultLatency" value="300" default="300" type="number" desc="Default delay for cache of the report results in seconds"/>
      <set name="Target" value="memory" default="memory" type="memory/disk" desc="Target of cache spool placement"/>
      <set name="ReportsLatencyFile" value=".\cache.xml" default=".\cache.xml" type="file" desc="Path to file with custom latency of reports"/>
    </cache>
    <logs desc="Log settings">
      <set name="Active" value="yes" default="yes" type="bool" desc="Enable of log writing"/>
      <set name="Path" value=".\logs\" default=".\logs\" type="folder" desc="Path to folder with logs"/>
      <set name="RotateFiles" value="5" default="5" type="number" desc="Maximum log files in history"/>
      <set name="RotateSize" value="1024" default="1024" type="number" desc="Maximum log file size in Kb"/>
      <set name="AccessLog" value="access.log" default="access.log" type="string" desc="Access log"/>
      <set name="ErrorLog" value="error.log" default="error.log" type="string" desc="Errors log"/>
      <set name="AgentLog" value="agent.log" default="agent.log" type="string" desc="Agents log"/>
      <set name="RefererLog" value="referer.log" default="referer.log" type="string" desc="Referers log"/>
      <set name="ServerLog" value="server.log" default="server.log" type="string" desc="Server log"/>
      <set name="AuthLog" value="auth.log" default="auth.log" type="string" desc="Authentifications log"/>
    </logs>
    <security desc="Security settings">
      <set name="Login" value="" default="" type="string" desc="Login"/>
      <set name="Password" value="" default="" type="string" desc="Login"/>
      <set name="ReportsList" value="yes" default="yes" type="bool" desc="Allow list of the available reports"/>
      <set name="AllowFile" value=".\allow.conf" default="allow.conf" type="file" desc="File with list of allowed IP addreses"/>
      <set name="DenyFile" value=".\deny.conf" default="deny.conf" type="file" desc="File with list of denied IP addreses"/>
      <set name="UserAuth" value="no" default="no" type="bool" desc="Allow user authentification"/>
      <set name="UsersFile" value=".\users.xml" default=".\users.xml" type="file" desc="Path to file with users permissions"/>
    </security>
    <database desc="DB connection settings">
      <set name="Type" value="ADO" default="ADO" type="ADO" desc=""/>
      <set name="Connection" value="FR Demo Base" default="" type="string" desc=""/>
      <set name="PathToDataBase" value=".\demo.mdb" default="" type="string" desc="For backward FastReport Enterprise compatibility"/>
    </database>
  </server>
</servers>
